{
  "filmes": {
    "filme01": {
      "id": "filme01",
      "nome": "O Vento levou",
      "ano": 1950
    }
  },
  "products": {
    "prod01": {
      "id": "prod01",
      "nome": "Coca-cola",
      "tipo": "bebida"
    },
    "prod02": {
      "id": "prod02",
      "nome": "Guaraná",
      "tipo": "bebida"
    }
  },
  "clients": {
    "cli01": {
      "id": "cli01",
      "nome": "ANA SILVA",
      "email": "ana@ana.com"
    },
    "cli02": {
      "id": "cli02",
      "nome": "BIA SANTANA",
      "email": "bia@bia.com"
    },
    "cli04": {
      "id": "cli04",
      "nome": "ABREU ALFACE",
      "email": "abreu@abreu.com"
    },
    "cli0004": {
      "id": "cli0004",
      "nome": "ABREU SOARES JR",
      "email": "abreu@abreu.com"
    }
  }
}